store,sku,brand
default,Concord-airsafe-raven-black,CONCORD
default,Concord-airsafe-beige,CONCORD
default,concord-airsafe-isofix-base,CONCORD
default,concord-transformer-pro-black,CONCORD
default,concord-transformer-pro-stone,CONCORD
default,concord-transformer-t-black,CONCORD
default,concord-transformer-t-blue,CONCORD
default,concord-transformer-t-beige,CONCORD
default,concord-transformer-xt-blue,CONCORD
default,concord-transformer-xt-black,CONCORD
default,concord-transformer-xt-beige,CONCORD
default,concord-transformer-xt-stonegrey,CONCORD
