store,websites,attribute_set,type,categories,sku,name,meta_title,meta_description,image,small_image,thumbnail,url_key,url_path,image_label,small_image_label,thumbnail_label,country_of_manufacture,status,visibility,tax_class_id,color,price,weight,description,short_description,meta_keyword,special_from_date,qty,is_in_stock,manage_stock,media_gallery,brand,age_range,bottle_volume,featured,aptamil_code,special_price,size,delivery_time,free_shipping
default,base,Default,simple,[Default Category]/益智玩具;;[Default Category]/益智玩具/GOKI,Goki-motorikschleife-red-yellow,goki 迷你小绕珠宝宝串珠 红黄相间,德国goki 迷你小绕珠宝宝串珠儿童益智早教玩具 锻炼眼手协调能力 Ausger「德藝緻」德國精品百貨,"欢迎前来Ausger「德藝緻」德國精品百貨，选购德国goki 迷你小绕珠宝宝串珠儿童益智早教玩具 锻炼眼手协调能力,想了解更多德国goki 迷你小绕珠宝宝串珠儿童益智早教玩具 锻炼眼手协调能力，请进入Ausger海外旗舰店，任您选购。",/g/o/goki-motorik-schleife-rot-gelb.jpg,/g/o/goki-motorik-schleife-rot-gelb.jpg,/g/o/goki-motorik-schleife-rot-gelb.jpg,goki-motorikschleife-red-yellow,goki-motorikschleife-red-yellow.html,,,,DE,Enabled,"Catalog, Search",None,Red & Yollow,3.45,1.2,"<h4 style=""text-align: justify;"">goki迷你小绕珠：绕珠是一种古老而传统的益智玩具，一直以来都备受广大妈妈和孩子的喜爱。</h4>
<p>1、锻炼眼手协调能力：宝宝可以通过绕珠游戏锻炼他们的手眼协调能力，思考能力、形状认知能力还可以让宝宝在游戏的过程中对数字有一个初步的认识。</p>
<p>2、优质材质：铁丝牢牢嵌入底板之中，并用软胶固定，美观耐用，轨道采用优质小钢筋，表层采用高温烤漆工艺、健康、安全。</p>
<p>3、工艺介绍：优质的工艺处理，全倒角，无锐角无毛刺非常适合小宝宝玩耍。</p>
<p>产品详细信息：</p>
<p>7-9厘米</p>
<p>材质：木材。</p>
<p>适用年龄：6-24个月。</p>","<p>绕珠是一种古老而传统的益智玩具，一直以来都备受广大妈妈和孩子的喜爱，宝宝可通过绕珠游戏锻炼他们的手眼协调能力、思考能力、形状认知能力，还可以让宝宝在游戏的过程中对数字有一个初步的认识。<img alt="""" src=""{{media url=""wysiwyg/goki/goki_logo_1.jpg""}}"" height=""39"" width=""133"" /></p>",德国goki 迷你小绕珠宝宝串珠儿童益智早教玩具 锻炼眼手协调能力.,,10,1,1,/g/o/goki-motorik-schleife-rot-gelb.jpg,GOKI,6-24 Months,,No,,,,6 - 7,
default,base,Default,simple,[Default Category]/益智玩具;;[Default Category]/益智玩具/GOKI,goki-motorikschleife-green-blue,goki 迷你小绕珠宝宝串珠 蓝绿相间,德国goki 迷你小绕珠宝宝串珠儿童益智早教玩具 锻炼眼手协调能力 Ausger「德藝緻」德國精品百貨,"欢迎前来Ausger「德藝緻」德國精品百貨，选购德国goki 迷你小绕珠宝宝串珠儿童益智早教玩具 锻炼眼手协调能力,想了解更多德国goki 迷你小绕珠宝宝串珠儿童益智早教玩具 锻炼眼手协调能力，请进入Ausger海外旗舰店，任您选购。",/g/o/goki-motorik-schleife-gruen-blau.jpg,/g/o/goki-motorik-schleife-gruen-blau.jpg,/g/o/goki-motorik-schleife-gruen-blau.jpg,goki-motorikschleife-green-blue,goki-motorikschleife-green-blue-793.html,,,,DE,Enabled,"Catalog, Search",None,Green-Blue,3.45,1.2,"<h4 style=""text-align: justify;"">goki迷你小绕珠：绕珠是一种古老而传统的益智玩具，一直以来都备受广大妈妈和孩子的喜爱。</h4>
<p>1、锻炼眼手协调能力：宝宝可以通过绕珠游戏锻炼他们的手眼协调能力，思考能力、形状认知能力还可以让宝宝在游戏的过程中对数字有一个初步的认识。</p>
<p>2、优质材质：铁丝牢牢嵌入底板之中，并用软胶固定，美观耐用，轨道采用优质小钢筋，表层采用高温烤漆工艺、健康、安全。</p>
<p>3、工艺介绍：优质的工艺处理，全倒角，无锐角无毛刺非常适合小宝宝玩耍。</p>
<p>产品详细信息：</p>
<p>7-9厘米</p>
<p>材质：木材。</p>
<p>适用年龄：6-24个月。</p>","<p>绕珠是一种古老而传统的益智玩具，一直以来都备受广大妈妈和孩子的喜爱，宝宝可通过绕珠游戏锻炼他们的手眼协调能力、思考能力、形状认知能力，还可以让宝宝在游戏的过程中对数字有一个初步的认识。<img alt="""" src=""{{media url=""wysiwyg/goki/goki_logo_1.jpg""}}"" height=""39"" width=""133"" /></p>",德国goki 迷你小绕珠宝宝串珠儿童益智早教玩具 锻炼眼手协调能力.,,10,1,1,/g/o/goki-motorik-schleife-gruen-blau.jpg,GOKI,6-24 Months,,No,,,,6 - 7,
default,base,Default,simple,[Default Category]/益智玩具;;[Default Category]/益智玩具/GOKI,goki-motorikschleife-red-blue,goki 迷你小绕珠宝宝串珠 红蓝相间,德国goki 迷你小绕珠宝宝串珠儿童益智早教玩具 锻炼眼手协调能力 Ausger「德藝緻」德國精品百貨,"欢迎前来Ausger「德藝緻」德國精品百貨，选购德国goki 迷你小绕珠宝宝串珠儿童益智早教玩具 锻炼眼手协调能力,想了解更多德国goki 迷你小绕珠宝宝串珠儿童益智早教玩具 锻炼眼手协调能力，请进入Ausger海外旗舰店，任您选购。",/g/o/goki-motorik-schleife-rot-blau.jpg,/g/o/goki-motorik-schleife-rot-blau.jpg,/g/o/goki-motorik-schleife-rot-blau.jpg,goki-motorikschleife-red-blue,goki-motorikschleife-red-blue-472.html,,,,DE,Enabled,"Catalog, Search",None,Red & Blue,3.45,1.2,"<h4 style=""text-align: justify;"">goki迷你小绕珠：绕珠是一种古老而传统的益智玩具，一直以来都备受广大妈妈和孩子的喜爱。</h4>
<p>1、锻炼眼手协调能力：宝宝可以通过绕珠游戏锻炼他们的手眼协调能力，思考能力、形状认知能力还可以让宝宝在游戏的过程中对数字有一个初步的认识。</p>
<p>2、优质材质：铁丝牢牢嵌入底板之中，并用软胶固定，美观耐用，轨道采用优质小钢筋，表层采用高温烤漆工艺、健康、安全。</p>
<p>3、工艺介绍：优质的工艺处理，全倒角，无锐角无毛刺非常适合小宝宝玩耍。</p>
<p>产品详细信息：</p>
<p>7-9厘米</p>
<p>材质：木材。</p>
<p>适用年龄：6-24个月。</p>","<p>绕珠是一种古老而传统的益智玩具，一直以来都备受广大妈妈和孩子的喜爱，宝宝可通过绕珠游戏锻炼他们的手眼协调能力、思考能力、形状认知能力，还可以让宝宝在游戏的过程中对数字有一个初步的认识。<img alt="""" src=""{{media url=""wysiwyg/goki/goki_logo_1.jpg""}}"" height=""39"" width=""133"" /></p>",德国goki 迷你小绕珠宝宝串珠儿童益智早教玩具 锻炼眼手协调能力.,,10,1,1,/g/o/goki-motorik-schleife-rot-blau.jpg,GOKI,6-24 Months,,No,,,,6 - 7,
default,base,Default,simple,[Default Category]/益智玩具;;[Default Category]/益智玩具/GOKI,goki-motorikschleife-yellow-blue,goki 迷你小绕珠宝宝串珠 蓝黄相间,德国goki 迷你小绕珠宝宝串珠儿童益智早教玩具 锻炼眼手协调能力 Ausger「德藝緻」德國精品百貨,"欢迎前来Ausger「德藝緻」德國精品百貨，选购德国goki 迷你小绕珠宝宝串珠儿童益智早教玩具 锻炼眼手协调能力,想了解更多德国goki 迷你小绕珠宝宝串珠儿童益智早教玩具 锻炼眼手协调能力，请进入Ausger海外旗舰店，任您选购。",/g/o/goki-motorik-schleife-gelb-blau.jpg,/g/o/goki-motorik-schleife-gelb-blau.jpg,/g/o/goki-motorik-schleife-gelb-blau.jpg,goki-motorikschleife-yellow-blue,goki-motorikschleife-yellow-blue-473.html,,,,DE,Enabled,"Catalog, Search",None,Blue & Yellow,3.45,1.2,"<h4 style=""text-align: justify;"">goki迷你小绕珠：绕珠是一种古老而传统的益智玩具，一直以来都备受广大妈妈和孩子的喜爱。</h4>
<p>1、锻炼眼手协调能力：宝宝可以通过绕珠游戏锻炼他们的手眼协调能力，思考能力、形状认知能力还可以让宝宝在游戏的过程中对数字有一个初步的认识。</p>
<p>2、优质材质：铁丝牢牢嵌入底板之中，并用软胶固定，美观耐用，轨道采用优质小钢筋，表层采用高温烤漆工艺、健康、安全。</p>
<p>3、工艺介绍：优质的工艺处理，全倒角，无锐角无毛刺非常适合小宝宝玩耍。</p>
<p>产品详细信息：</p>
<p>7-9厘米</p>
<p>材质：木材。</p>
<p>适用年龄：6-24个月。</p>","<p>绕珠是一种古老而传统的益智玩具，一直以来都备受广大妈妈和孩子的喜爱，宝宝可通过绕珠游戏锻炼他们的手眼协调能力、思考能力、形状认知能力，还可以让宝宝在游戏的过程中对数字有一个初步的认识。<img alt="""" src=""{{media url=""wysiwyg/goki/goki_logo_1.jpg""}}"" height=""39"" width=""133"" /></p>",德国goki 迷你小绕珠宝宝串珠儿童益智早教玩具 锻炼眼手协调能力.,,10,1,1,/g/o/goki-motorik-schleife-gelb-blau.jpg,GOKI,6-24 Months,,No,,,,6 - 7,
default,base,Default,simple,[Default Category]/益智玩具;;[Default Category]/益智玩具/GOKI,goki-geburtstagzug,goki 生日礼物小火车 ,德国goki 生日礼物小火车 儿童益智玩具 1-6岁宝宝过家家 插蜡烛 Ausger「德藝緻」德國精品百貨,"欢迎前来Ausger「德藝緻」德國精品百貨，选购德国goki 生日礼物小火车 儿童益智玩具 1-6岁宝宝过家家 插蜡烛,想了解详情德国goki 生日礼物小火车 儿童益智玩具 1-6岁宝宝过家家 插蜡烛，请进入Ausger海外旗舰店，任您选购。",/g/o/goki-geburtstagszug.jpg,/g/o/goki-geburtstagszug.jpg,/g/o/goki-geburtstagszug.jpg,goki-geburtstagzug,goki-geburtstagzug-474.html,,,,DE,Enabled,"Catalog, Search",None,,19.45,1.2,"<p>很有意义的生日礼物，可爱的小火车载着六只舞动的蜡烛，在欢乐的气氛下徐徐地驶进宝贝的视线，和他一起欢度这美好的时刻。它用1-6的六个数字，可以记录宝宝整个童年的成长；用烛光期许着他们的美好未来。</p>
<p>产品功能：</p>
<p>1、物品的认知：教会宝宝认识不同的物品训练宝宝的感知和观察能力。</p>
<p>2、手眼协调能力：锻炼宝宝的手眼协调能力，训练宝宝的认知和行动能力。</p>
<p>3、逻辑组合能力：帮助孩子们学会通过推理，来得出结论，包括数学、逻辑推理、科学分析等思维方式。</p>
<p>产品信息：</p>
<p>规格：30.5*22*6CM</p>
<p>材质：荷木。</p>
<p>适用年龄：12-72个月。</p>","<p style=""text-align: justify;"">很有意义的生日礼物，可爱的小火车载着六只舞动的蜡烛，在欢乐的气氛下徐徐地驶进宝贝的视线，和他一起欢度这美好的时刻。它用1-6的六个数字，可以记录宝宝整个童年的成长；用烛光期许着他们的美好未来。<img alt="""" src=""{{media url=""wysiwyg/goki/goki_logo_1.jpg""}}"" height=""39"" width=""133"" /></p>",德国goki 生日礼物小火车 儿童益智玩具 1-6岁宝宝过家家 插蜡烛,,10,1,1,/g/o/goki-geburtstagszug.jpg,GOKI,1-3 Years,,No,,,,6 - 7,
default,base,Default,simple,[Default Category]/益智玩具;;[Default Category]/益智玩具/GOKI,goki-stapel-stehauf-maennchen,goki 小丑积木,德国goki 小丑积木 桌面互动游戏 儿童益智玩具 Ausger「德藝緻」德國精品百貨,"欢迎前来Ausger「德藝緻」德國精品百貨，选购德国goki 小丑积木 桌面互动游戏 儿童益智玩具,,想了解详情德国goki 小丑积木 桌面互动游戏 儿童益智玩具，请进入Ausger海外旗舰店，任您选购。",/g/o/goki_stapel_stehaufmaennchen.jpg,/g/o/goki_stapel_stehaufmaennchen.jpg,/g/o/goki_stapel_stehaufmaennchen.jpg,goki-stapel-stehauf-maennchen,goki-stapel-stehauf-maennchen-475.html,,,,DE,Enabled,"Catalog, Search",None,,14.45,1.2,"<p style=""text-align: justify;"">本款积木可以组成宝塔状，亦可组成倒立锥形，能够有效激发宝宝的聪明才智，创造出更多的有形物体，让宝宝在游戏中对上与下，大与小，重与轻等逻辑概念日渐熟悉。借助于层叠累积的游戏过程，将数字与形状挂钩，又能加深宝宝对数字的理解。可以有效锻炼宝宝的认识能力、手眼协调、想象创造，语言表达能力。</p>
<p style=""text-align: justify;"">产品功能：</p>
<p style=""text-align: justify;"">1、物品的认识：教会宝宝认识不同的物品训练宝宝的感知和观察能力。</p>
<p style=""text-align: justify;"">2、手眼协调能力：锻炼宝宝的手眼协调能力，训练宝宝的认知和行动能力。</p>
<p style=""text-align: justify;"">3、色彩认知：帮助宝宝快速区分基本色彩、促进孩子视觉发育。</p>
<p style=""text-align: justify;"">4、逻辑组合能力：帮助孩子们学会通过推理，来得出结论，包括数学、逻辑推理、科学分析等思维方式。</p>
<p style=""text-align: justify;"">5、思考能力：激发宝宝的好奇心，发展思维能力。</p>
<p style=""text-align: justify;"">产品信息：</p>
<p style=""text-align: justify;"">产品高度：21CM</p>
<p style=""text-align: justify;"">材质：木材</p>
<p style=""text-align: justify;"">适用年龄：12-24个月。</p>","<p style=""text-align: justify;"">本款积木可以组成宝塔状，亦可组成倒立锥形，能够有效激发宝宝的聪明才智，创造出更多的有形物体，让宝宝在游戏中对上与下，大与小，重与轻等逻辑概念日渐熟悉。借助于层叠累积的游戏过程，将数字与形状挂钩，又能加深宝宝对数字的理解。可以有效锻炼宝宝的认识能力、手眼协调、想象创造，语言表达能力。</p>
<p><img alt="""" src=""{{media url=""wysiwyg/goki/goki_logo_1.jpg""}}"" height=""39"" width=""133"" /></p>",德国goki 小丑积木 桌面互动游戏 儿童益智玩具,,10,1,1,/g/o/goki_stapel_stehaufmaennchen.jpg,GOKI,1-2 Years,,No,,,,6 - 7,
default,base,Default,simple,[Default Category]/益智玩具;;[Default Category]/益智玩具/GOKI,goki-stapelmannchen,goki 小丑积木 ,德国goki 小丑积木 桌面互动游戏 儿童益智玩具 Ausger「德藝緻」德國精品百貨,"欢迎前来Ausger「德藝緻」德國精品百貨，选购德国goki 小丑积木 桌面互动游戏 儿童益智玩具,想了解详情德国goki 小丑积木 桌面互动游戏 儿童益智玩具，请进入Ausger海外旗舰店，任您选购。",/g/o/goki_stapelmaennchen.jpg,/g/o/goki_stapelmaennchen.jpg,/g/o/goki_stapelmaennchen.jpg,goki-stapelmannchen,goki-stapelmannchen-476.html,,,,DE,Enabled,"Catalog, Search",None,,10.95,1.2,"<p style=""text-align: justify;"">本款积木由4色圆环积木组成，适用于1岁以上幼儿玩耍。可以组成宝塔状，亦可组成倒立锥形，能够有效激发宝宝的聪明才智，创造出更多的有形物体，让宝宝在游戏中对上与下，大与小，重与轻等逻辑概念日渐熟悉。借助于层叠累积的游戏过程，将数字与形状挂钩，又能加深宝宝对数字的理解。可以有效锻炼宝宝的认识能力、手眼协调、想象创造，语言表达能力。</p>
<p style=""text-align: justify;"">产品功能：</p>
<p style=""text-align: justify;"">1、物品的认识：教会宝宝认识不同的物品训练宝宝的感知和观察能力。</p>
<p style=""text-align: justify;"">2、手眼协调能力：锻炼宝宝的手眼协调能力，训练宝宝的认知和行动能力。</p>
<p style=""text-align: justify;"">3、色彩认知：帮助宝宝快速区分基本色彩、促进孩子视觉发育。</p>
<p style=""text-align: justify;"">4、逻辑组合能力：帮助孩子们学会通过推理，来得出结论，包括数学、逻辑推理、科学分析等思维方式。</p>
<p style=""text-align: justify;"">5、思考能力：激发宝宝的好奇心，发展思维能力。</p>
<p style=""text-align: justify;"">产品信息：</p>
<p style=""text-align: justify;"">产品高度：21CM</p>
<p style=""text-align: justify;"">材质：木材</p>
<p style=""text-align: justify;"">适用年龄：12-24个月。</p>","<p style=""text-align: justify;"">本款积木由4色圆环积木组成，适用于1岁以上幼儿玩耍。可以组成宝塔状，亦可组成倒立锥形，能够有效激发宝宝的聪明才智，创造出更多的有形物体，让宝宝在游戏中对上与下，大与小，重与轻等逻辑概念日渐熟悉。借助于层叠累积的游戏过程，将数字与形状挂钩，又能加深宝宝对数字的理解。可以有效锻炼宝宝的认识能力、手眼协调、想象创造，语言表达能力。</p>
<p><img alt="""" src=""{{media url=""wysiwyg/goki/goki_logo_1.jpg""}}"" height=""39"" width=""133"" /></p>",德国goki 小丑积木 桌面互动游戏 儿童益智玩具,,10,1,1,/g/o/goki_stapelmaennchen.jpg,GOKI,1-2 Years,,No,,,,6 - 7,
